{"0": 45.037696162963975, "1": 45.03180267139858, "2": 45.02930321907048, "3": 45.00031718886142, "4": 45.009278773285544, "5": 44.9972844359109, "6": 44.994369186193595, "7": 45.0074074192874}