{"0": [1.5156008243709267, -0.9807992624518871], "1": [-0.9902307596290909, -0.4992888978687375], "2": [-0.5137051001643177, -0.2504335867570913], "3": [-0.27258632067229194, -0.13998899421257774], "4": [-0.14117472482670615, -0.05966806059859081], "5": [-0.04183345498926797, -0.03214049912616621], "6": [-0.04118993420255422, -0.026514486396950348], "7": [-0.02776863274286543, -0.002617598294265071], "8": [-0.002742725921661526, -0.0006126514363619273], "9": [-0.023105151440543998, -0.017732348697034765], "10": [-0.011523958794791562, 0.004507916057508699], "11": [-0.003301961987166674, -0.019910197570441903], "12": [-0.012838053401332478, 0.007631342591619343], "13": [0.02719405113037237, 0.013675092384134379], "14": [0.007557926776112622, 0.004733410494622409], "15": [-1.2576148898506944e-05, 0.0004110800567578618], "16": [0.017279826353261966, 0.0005249135444786154], "17": [-0.01800597823578244, 0.0029296287392436243], "18": [-0.006208012382109549, -0.002677213738094549], "19": [-0.04013898473725895, -0.0275793988547978], "20": [0.0018413095889125211, 0.009610091626487237], "21": [0.016924575547484076, -0.013428140105987335], "22": [0.02139280985294605, 0.027671677042072223], "23": [-0.0023563295261581447, -0.02269682646336418], "24": [-0.014482820557037621, 0.014429959044084653], "25": [0.012322403011274786, -0.021398816979352475], "26": [-0.004260051691438315, 0.012679553160309333], "27": [0.00731917992637859, 0.01808402083901786], "28": [0.026461191307908416, 0.012126152696435364], "29": [-0.006436254364851657, -0.02859988811848818], "30": [-0.03957551576567762, 0.007602775628344297], "31": [0.0005896798280795384, -0.009461808112031912], "32": [0.017660299817104444, 0.005004421038839983], "33": [0.0035286773327930366, 0.010726777640140388], "34": [-0.014579513568688593, -0.02347076527182577], "35": [-0.004545245718397841, -0.0022943863083924117], "36": [0.01875144675083696, 0.015247016031553845], "37": [-1.3050448926571996, -0.6475017934030418], "38": [0.6754644970517341, 0.33683959641675293], "39": [0.3072774036118795, 0.1439547664211711]}