{"0": [-0.3076730000273362, 0.5607054882470065], "1": [0.5459228117785944, 0.287273200773211], "2": [0.2827593610763227, 0.15073165452475853]}