{"0": 44.98164909532374, "1": 44.986062802414345, "2": 44.98593633835931, "3": 44.994370120053624, "4": 44.99926523203173, "5": 45.0060654730346, "6": 44.99773018485527, "7": 45.002655838071156}