{"0": 44.908692620439254, "1": 44.92467354487368, "2": 44.92124723286675, "3": 44.98956066141775, "4": 44.994163978277385, "5": 44.98228742211083, "6": 44.993364349551335, "7": 44.993399683198746}