{"0": [0.025957075122183173, 0.019468227152260334], "1": [0.023223451008030582, 0.011707610028064402], "2": [0.005609082205477062, -0.009501316909500882]}