{"0": 44.98982773611615, "1": 44.97693816369053, "2": 44.99879205115049, "3": 44.99580816710439, "4": 45.00040290644787, "5": 45.00441923836344, "6": 45.0016707843959, "7": 44.99390252237238}